time,lat,lon,elevation,accuracy,bearing,speed,satellites,provider,hdop,vdop,pdop,geoidheight,ageofdgpsdata,dgpsid,activity,battery,annotation
2021-03-08T21:36:00.000Z,-21.17245833333333,-47.847181666666664,459.8,8.1,319.1,0.85649776,6,gps,,,,,,,,88,
2021-03-08T21:36:02.000Z,-21.172483333333336,-47.84669999999999,491.3,6.5,318.11,0.34126082,8,gps,,,,,,,,88,
2021-03-08T21:36:03.000Z,-21.172495000000005,-47.84655166666666,503.2,5.6,320.05,0.11220945,10,gps,,,,,,,,88,
2021-03-08T21:36:04.000Z,-21.172496666666667,-47.84652666666666,504.7,5.5,67.49,0.20794778,11,gps,,,,,,,,88,
2021-03-08T21:36:05.000Z,-21.17248833333333,-47.84650166666667,505.7,5.4,67.49,0.0,11,gps,,,,,,,,88,
2021-03-08T21:36:06.000Z,-21.172481666666666,-47.84648166666666,507.2,5.3,67.49,0.0,11,gps,,,,,,,,87,
2021-03-08T21:36:07.000Z,-21.172473333333333,-47.846455,507.7,5.2,67.49,0.0,11,gps,,,,,,,,87,
2021-03-08T21:36:08.000Z,-21.172476666666665,-47.846448333333335,508.0,5.2,67.49,0.0,11,gps,,,,,,,,87,
2021-03-08T21:36:09.000Z,-21.172476666666665,-47.84643833333333,509.7,5.1,67.49,0.0,11,gps,,,,,,,,87,
2021-03-08T21:36:10.000Z,-21.17247166666667,-47.84643833333333,509.4,5.1,67.49,0.0,11,gps,,,,,,,,87,
2021-03-08T21:36:11.000Z,-21.172469999999997,-47.84643666666666,508.8,5.0,67.49,0.0,12,gps,,,,,,,,87,
2021-03-08T21:36:12.000Z,-21.172461666666663,-47.84642166666666,511.0,5.0,67.49,0.0,11,gps,,,,,,,,87,
2021-03-08T21:36:13.000Z,-21.172451666666667,-47.84641,512.9,5.0,67.49,0.0,12,gps,,,,,,,,87,
2021-03-08T21:36:14.000Z,-21.172445,-47.846401666666665,513.6,5.0,67.49,0.0,12,gps,,,,,,,,87,
2021-03-08T21:36:15.000Z,-21.172423333333334,-47.84634166666667,522.2,4.8,67.49,0.0,12,gps,,,,,,,,87,
2021-03-08T21:36:16.000Z,-21.172415,-47.84635333333334,524.2,4.7,67.49,0.0,12,gps,,,,,,,,87,
2021-03-08T21:36:17.000Z,-21.172406666666667,-47.84635,525.9,4.7,67.49,0.0,12,gps,,,,,,,,87,
2021-03-08T21:36:18.000Z,-21.1724,-47.84635,527.7,4.6,67.49,0.0,11,gps,,,,,,,,87,
2021-03-08T21:36:19.000Z,-21.17240333333333,-47.846358333333335,527.7,4.6,67.49,0.0,12,gps,,,,,,,,87,
2021-03-08T21:36:20.000Z,-21.172401666666662,-47.84636999999999,528.4,4.5,67.49,0.0,11,gps,,,,,,,,87,
2021-03-08T21:36:21.000Z,-21.172408333333337,-47.846379999999996,528.6,4.5,67.49,0.0,11,gps,,,,,,,,87,
2021-03-08T21:36:22.000Z,-21.17240333333333,-47.846379999999996,530.4,4.5,67.49,0.0,11,gps,,,,,,,,87,
2021-03-08T21:36:23.000Z,-21.172391666666666,-47.846375,534.0,4.3,67.49,0.0,9,gps,,,,,,,,87,
2021-03-08T21:36:24.000Z,-21.172379999999997,-47.84639333333333,533.8,4.3,67.49,0.0,9,gps,,,,,,,,87,
2021-03-08T21:36:25.000Z,-21.17238166666667,-47.84641666666666,533.6,4.3,67.49,0.0,9,gps,,,,,,,,87,
2021-03-08T21:36:26.000Z,-21.172378333333334,-47.84643666666666,533.4,4.3,67.49,0.0,9,gps,,,,,,,,87,
2021-03-08T21:36:27.000Z,-21.172375000000002,-47.84645666666667,533.5,4.4,67.49,0.0,9,gps,,,,,,,,87,
2021-03-08T21:36:28.000Z,-21.17237,-47.84646833333333,534.0,4.3,67.49,0.0,9,gps,,,,,,,,87,
2021-03-08T21:36:29.000Z,-21.172365,-47.84648166666666,534.1,4.4,67.49,0.0,9,gps,,,,,,,,87,
2021-03-08T21:36:30.000Z,-21.172375000000002,-47.8465,534.4,4.4,67.49,0.0,9,gps,,,,,,,,87,
2021-03-08T21:36:31.000Z,-21.172378333333334,-47.84651833333334,535.0,4.4,271.07,1.6311548,9,gps,,,,,,,,87,
2021-03-08T21:36:32.000Z,-21.17238166666667,-47.846538333333335,534.6,4.4,262.07,1.6949803,10,gps,,,,,,,,87,
2021-03-08T21:36:33.000Z,-21.172375000000002,-47.84655166666666,534.3,4.5,262.07,0.0,9,gps,,,,,,,,87,
2021-03-08T21:36:34.000Z,-21.172360000000005,-47.84657833333334,534.8,4.5,262.07,0.0,9,gps,,,,,,,,87,
2021-03-08T21:36:35.000Z,-21.172349999999998,-47.8466,535.0,4.5,294.55,1.6738766,10,gps,,,,,,,,87,
2021-03-08T21:36:36.000Z,-21.172340000000002,-47.84662166666667,535.6,4.5,292.93,1.6913772,10,gps,,,,,,,,87,
2021-03-08T21:36:37.000Z,-21.172326666666663,-47.84664333333333,536.0,4.5,298.44,1.7186575,8,gps,,,,,,,,87,
2021-03-08T21:36:38.000Z,-21.172315000000005,-47.84666166666666,536.6,4.5,305.5,1.8092486,8,gps,,,,,,,,87,
2021-03-08T21:36:39.000Z,-21.172306666666667,-47.84668,536.8,4.5,297.04,1.886457,8,gps,,,,,,,,87,
2021-03-08T21:36:40.000Z,-21.172296666666664,-47.84670166666667,537.0,4.5,306.99,1.9899161,8,gps,,,,,,,,87,
2021-03-08T21:36:41.000Z,-21.17229166666667,-47.84672666666667,537.3,4.5,294.78,2.0583742,8,gps,,,,,,,,87,
2021-03-08T21:36:42.000Z,-21.172293333333332,-47.84674833333334,537.5,4.5,279.15,2.0892575,10,gps,,,,,,,,87,
2021-03-08T21:36:43.000Z,-21.172285000000002,-47.84677333333334,538.1,4.5,285.86,2.1664658,9,gps,,,,,,,,87,
2021-03-08T21:36:44.000Z,-21.172285000000002,-47.846785,537.1,4.2,278.67,2.1978638,9,gps,,,,,,,,87,
2021-03-08T21:36:46.000Z,-21.17227833333333,-47.84682333333333,537.2,4.3,280.15,2.2153645,9,gps,,,,,,,,87,
2021-03-08T21:36:47.000Z,-21.172286666666665,-47.84683666666667,537.3,4.2,262.67,2.2230852,8,gps,,,,,,,,87,
2021-03-08T21:36:48.000Z,-21.172295000000002,-47.846855000000005,537.8,4.2,259.8,2.1978638,8,gps,,,,,,,,87,
2021-03-08T21:36:49.000Z,-21.172293333333332,-47.84687666666667,539.3,4.1,259.86,2.156686,9,gps,,,,,,,,87,
2021-03-08T21:36:50.000Z,-21.172283333333333,-47.846898333333336,540.0,4.1,283.84,2.1057286,9,gps,,,,,,,,87,
2021-03-08T21:36:51.000Z,-21.172266666666662,-47.84691833333333,540.5,4.1,292.92,2.0604331,8,gps,,,,,,,,87,
2021-03-08T21:36:52.000Z,-21.172265,-47.84693833333334,540.9,4.1,283.33,1.9996958,7,gps,,,,,,,,87,
2021-03-08T21:36:53.000Z,-21.172256666666666,-47.846954999999994,541.3,4.2,296.31,1.9693272,8,gps,,,,,,,,87,
2021-03-08T21:36:54.000Z,-21.172250000000002,-47.84697333333334,541.4,4.2,298.16,1.8859422,9,gps,,,,,,,,87,
2021-03-08T21:36:55.000Z,-21.172240000000002,-47.846990000000005,541.5,4.2,295.36,1.8617502,10,gps,,,,,,,,87,
2021-03-08T21:36:56.000Z,-21.17223166666667,-47.84700666666666,541.5,4.2,299.45,1.8313817,10,gps,,,,,,,,87,
2021-03-08T21:36:57.000Z,-21.17222333333333,-47.847025,541.6,4.2,299.54,1.8231461,10,gps,,,,,,,,87,
2021-03-08T21:36:58.000Z,-21.172210000000003,-47.84704333333334,541.9,4.1,295.88,1.8370436,10,gps,,,,,,,,87,
2021-03-08T21:36:59.000Z,-21.17220166666667,-47.84706833333333,542.1,4.1,297.37,1.8375584,10,gps,,,,,,,,87,
2021-03-08T21:37:00.000Z,-21.17220166666667,-47.84708833333334,542.2,4.1,286.23,1.7907186,10,gps,,,,,,,,87,
2021-03-08T21:37:01.000Z,-21.172193333333333,-47.84710499999999,542.5,4.0,297.43,1.719687,9,gps,,,,,,,,87,
2021-03-08T21:37:02.000Z,-21.17218833333333,-47.84712666666666,542.7,4.0,288.81,1.6970391,9,gps,,,,,,,,87,
2021-03-08T21:37:03.000Z,-21.172185,-47.84715166666667,542.8,4.0,279.91,1.7222606,9,gps,,,,,,,,87,
2021-03-08T21:37:04.000Z,-21.172183333333336,-47.847179999999994,542.8,4.0,283.34,1.7912333,10,gps,,,,,,,,87,
2021-03-08T21:37:05.000Z,-21.172185,-47.84721666666666,543.2,4.0,275.56,1.8231461,10,gps,,,,,,,,87,
2021-03-08T21:37:06.000Z,-21.17219,-47.84723999999999,543.7,4.0,263.77,1.8643239,10,gps,,,,,,,,87,
2021-03-08T21:37:07.000Z,-21.17218666666667,-47.847260000000006,544.0,3.9,280.74,1.8962367,10,gps,,,,,,,,87,
2021-03-08T21:37:08.000Z,-21.17218666666667,-47.847283333333344,544.4,3.9,273.77,1.9312378,10,gps,,,,,,,,87,
2021-03-08T21:37:09.000Z,-21.172183333333336,-47.84730666666666,544.7,3.9,282.08,1.958518,11,gps,,,,,,,,87,
2021-03-08T21:37:10.000Z,-21.172180000000004,-47.84732999999999,545.0,3.9,290.55,2.026976,11,gps,,,,,,,,87,
2021-03-08T21:37:11.000Z,-21.172183333333336,-47.847361666666664,545.2,3.9,284.25,2.0794778,11,gps,,,,,,,,87,
2021-03-08T21:37:12.000Z,-21.17218666666667,-47.84738833333334,545.4,3.9,279.42,2.1098464,11,gps,,,,,,,,87,
2021-03-08T21:37:13.000Z,-21.172185,-47.847415,545.7,3.9,278.78,2.1258028,11,gps,,,,,,,,87,
2021-03-08T21:37:14.000Z,-21.17217333333333,-47.847435,545.9,3.9,286.38,2.1134493,11,gps,,,,,,,,87,
2021-03-08T21:37:15.000Z,-21.172171666666667,-47.84745833333333,546.1,3.9,275.24,2.0861692,11,gps,,,,,,,,87,
2021-03-08T21:37:16.000Z,-21.172171666666667,-47.84747833333333,546.4,3.9,273.44,2.0969784,11,gps,,,,,,,,87,
2021-03-08T21:37:17.000Z,-21.172171666666667,-47.84750166666666,546.5,3.9,273.0,2.1340384,11,gps,,,,,,,,87,
2021-03-08T21:37:18.000Z,-21.17217666666666,-47.84752833333334,547.5,3.9,268.09,2.20507,11,gps,,,,,,,,87,
2021-03-08T21:37:19.000Z,-21.17217666666666,-47.84755666666667,547.8,3.9,272.55,2.2961757,11,gps,,,,,,,,87,
2021-03-08T21:37:20.000Z,-21.172180000000004,-47.847586666666665,547.9,3.9,268.6,2.3656633,11,gps,,,,,,,,87,
2021-03-08T21:37:21.000Z,-21.172183333333336,-47.84761333333333,548.0,3.9,267.69,2.4289742,12,gps,,,,,,,,87,
2021-03-08T21:37:22.000Z,-21.17218666666667,-47.84764,548.3,3.9,266.33,2.4819906,10,gps,,,,,,,,87,
2021-03-08T21:37:23.000Z,-21.172185,-47.84766166666667,548.2,3.9,273.53,2.4778728,11,gps,,,,,,,,87,
2021-03-08T21:37:24.000Z,-21.17218833333333,-47.84768666666667,548.3,3.8,275.74,2.4583132,11,gps,,,,,,,,87,
2021-03-08T21:37:25.000Z,-21.172191666666663,-47.84770666666667,548.4,3.8,275.74,0.0,11,gps,,,,,,,,87,
2021-03-08T21:37:26.000Z,-21.172196666666665,-47.84773166666667,548.5,3.8,275.74,0.0,11,gps,,,,,,,,87,
2021-03-08T21:37:27.000Z,-21.172198333333334,-47.84775,548.3,3.7,275.74,0.0,11,gps,,,,,,,,87,
2021-03-08T21:37:28.000Z,-21.172198333333334,-47.847766666666665,548.2,3.7,274.42,1.9219728,11,gps,,,,,,,,87,
2021-03-08T21:37:29.000Z,-21.172195000000002,-47.84778333333334,548.4,3.7,273.22,1.7531439,11,gps,,,,,,,,87,
2021-03-08T21:37:30.000Z,-21.172198333333334,-47.84780166666666,548.5,3.7,262.33,1.5966684,11,gps,,,,,,,,87,
2021-03-08T21:37:31.000Z,-21.172198333333334,-47.84782166666667,548.6,3.7,263.62,1.4968122,11,gps,,,,,,,,87,
2021-03-08T21:37:32.000Z,-21.172195000000002,-47.84784500000001,548.4,3.7,274.27,1.4685025,11,gps,,,,,,,,87,
2021-03-08T21:37:33.000Z,-21.172193333333333,-47.847868333333324,548.4,3.7,271.82,1.4612964,11,gps,,,,,,,,87,
2021-03-08T21:37:34.000Z,-21.172193333333333,-47.84788833333334,548.4,3.7,269.42,1.4355602,11,gps,,,,,,,,87,
2021-03-08T21:37:35.000Z,-21.17218666666667,-47.84790666666666,548.3,3.7,281.15,1.4952681,11,gps,,,,,,,,87,
2021-03-08T21:37:36.000Z,-21.17217666666666,-47.847923333333334,548.3,3.6,286.91,1.5771089,10,gps,,,,,,,,87,
2021-03-08T21:37:37.000Z,-21.172169999999998,-47.847946666666665,548.3,3.6,283.41,1.7135103,10,gps,,,,,,,,87,
2021-03-08T21:37:38.000Z,-21.172165000000003,-47.847970000000004,548.4,3.6,277.71,1.8179989,10,gps,,,,,,,,87,
2021-03-08T21:37:39.000Z,-21.17216,-47.847988333333326,548.4,3.6,285.53,1.8828539,10,gps,,,,,,,,87,
2021-03-08T21:37:40.000Z,-21.172153333333334,-47.84800499999999,548.6,3.6,290.49,1.9595475,11,gps,,,,,,,,87,
2021-03-08T21:37:41.000Z,-21.172150000000002,-47.84802166666667,548.7,3.6,290.53,1.9878572,10,gps,,,,,,,,87,
2021-03-08T21:37:42.000Z,-21.172145,-47.848040000000005,548.8,3.6,287.68,1.9703567,9,gps,,,,,,,,87,
2021-03-08T21:37:43.000Z,-21.172136666666667,-47.84805500000001,549.0,3.6,297.26,1.9492531,9,gps,,,,,,,,87,
2021-03-08T21:37:44.000Z,-21.17213,-47.84807333333333,549.1,3.5,283.09,1.9863131,9,gps,,,,,,,,87,
2021-03-08T21:37:45.000Z,-21.17212833333333,-47.84809833333334,549.3,3.5,280.62,2.045506,11,gps,,,,,,,,87,
2021-03-08T21:37:46.000Z,-21.172123333333335,-47.84812166666667,549.3,3.5,281.35,2.0830808,10,gps,,,,,,,,87,
2021-03-08T21:37:47.000Z,-21.172123333333335,-47.84814500000001,549.2,3.5,272.02,2.0542564,11,gps,,,,,,,,87,
2021-03-08T21:37:48.000Z,-21.172120000000003,-47.848171666666666,549.4,3.4,279.29,2.0429325,12,gps,,,,,,,,87,
2021-03-08T21:37:49.000Z,-21.17211666666667,-47.848196666666674,549.4,3.4,279.48,2.073301,12,gps,,,,,,,,87,
2021-03-08T21:37:50.000Z,-21.17211166666667,-47.84822333333333,549.4,3.4,284.02,2.110361,12,gps,,,,,,,,87,
2021-03-08T21:37:51.000Z,-21.172105000000002,-47.84825000000001,549.5,3.4,280.29,2.158745,13,gps,,,,,,,,87,
2021-03-08T21:37:52.000Z,-21.172103333333332,-47.848273333333324,549.5,3.4,274.69,2.1762455,13,gps,,,,,,,,87,
2021-03-08T21:37:53.000Z,-21.17210166666667,-47.84829500000001,549.5,3.4,275.17,2.2076435,13,gps,,,,,,,,87,
2021-03-08T21:37:54.000Z,-21.1721,-47.84831666666667,549.6,3.4,277.36,2.2210264,13,gps,,,,,,,,87,
2021-03-08T21:37:55.000Z,-21.172093333333336,-47.84834166666666,549.5,3.4,280.87,2.2323503,12,gps,,,,,,,,87,
2021-03-08T21:37:56.000Z,-21.172085,-47.84835833333333,549.3,3.4,296.28,2.2127907,12,gps,,,,,,,,87,
2021-03-08T21:37:57.000Z,-21.172076666666666,-47.84838166666667,549.2,3.4,287.19,2.2169087,12,gps,,,,,,,,87,
2021-03-08T21:37:58.000Z,-21.172073333333334,-47.84840333333333,549.2,3.4,280.28,2.1983786,12,gps,,,,,,,,87,
2021-03-08T21:37:59.000Z,-21.172064999999996,-47.84842666666667,549.2,3.4,281.59,2.1922019,11,gps,,,,,,,,87,
2021-03-08T21:38:00.000Z,-21.172058333333332,-47.84845,549.2,3.4,280.95,2.1690395,11,gps,,,,,,,,87,
2021-03-08T21:38:01.000Z,-21.17205333333333,-47.84847833333333,549.3,3.4,275.57,2.2060995,11,gps,,,,,,,,87,
2021-03-08T21:38:02.000Z,-21.17205,-47.848506666666665,549.4,3.4,275.44,2.2637484,11,gps,,,,,,,,87,
2021-03-08T21:38:03.000Z,-21.172046666666667,-47.84853499999999,549.2,3.4,278.09,2.3116176,11,gps,,,,,,,,87,
2021-03-08T21:38:04.000Z,-21.17203833333333,-47.84855833333333,549.3,3.5,282.99,2.348163,11,gps,,,,,,,,87,
2021-03-08T21:38:05.000Z,-21.17202666666667,-47.84857999999999,549.4,3.5,286.36,2.3522806,11,gps,,,,,,,,87,
2021-03-08T21:38:06.000Z,-21.172015000000002,-47.848605,549.4,3.5,284.93,2.4171355,11,gps,,,,,,,,87,
2021-03-08T21:38:07.000Z,-21.17200833333333,-47.84862833333333,549.3,3.5,279.37,2.455225,11,gps,,,,,,,,87,
2021-03-08T21:38:08.000Z,-21.171988333333335,-47.848643333333335,549.3,3.5,309.16,2.4541955,11,gps,,,,,,,,87,
2021-03-08T21:38:09.000Z,-21.171965,-47.84866,549.3,3.6,318.67,2.4742696,11,gps,,,,,,,,87,
2021-03-08T21:38:10.000Z,-21.171943333333335,-47.848678333333325,549.3,3.6,317.19,2.5190506,11,gps,,,,,,,,87,
2021-03-08T21:38:11.000Z,-21.171926666666664,-47.84870333333333,549.2,3.6,302.7,2.529345,11,gps,,,,,,,,87,
2021-03-08T21:38:12.000Z,-21.171910000000004,-47.84872666666667,549.1,3.7,300.01,2.507212,11,gps,,,,,,,,87,
2021-03-08T21:38:13.000Z,-21.171898333333335,-47.84875,548.9,3.7,298.53,2.5087562,11,gps,,,,,,,,87,
2021-03-08T21:38:14.000Z,-21.17188833333333,-47.848774999999996,548.7,3.7,297.98,2.5267713,11,gps,,,,,,,,87,
2021-03-08T21:38:15.000Z,-21.17187666666667,-47.84879333333333,548.6,3.8,305.36,2.5283155,11,gps,,,,,,,,87,
2021-03-08T21:38:16.000Z,-21.17187666666667,-47.848814999999995,548.3,3.8,286.58,2.470152,11,gps,,,,,,,,87,
2021-03-08T21:38:17.000Z,-21.171868333333336,-47.84883833333333,548.2,3.8,287.94,2.458828,10,gps,,,,,,,,87,
2021-03-08T21:38:18.000Z,-21.17186333333333,-47.84886333333334,547.9,3.9,289.34,2.5020647,10,gps,,,,,,,,87,
2021-03-08T21:38:19.000Z,-21.171856666666667,-47.84889,547.8,3.9,288.73,2.507212,9,gps,,,,,,,,87,
2021-03-08T21:38:20.000Z,-21.171848333333333,-47.84892,547.4,4.0,284.54,2.5133886,10,gps,,,,,,,,87,
2021-03-08T21:38:21.000Z,-21.171836666666664,-47.84895333333334,547.1,4.0,284.26,2.52008,10,gps,,,,,,,,87,
2021-03-08T21:38:22.000Z,-21.17183,-47.84898166666667,546.9,4.1,283.49,2.566405,10,gps,,,,,,,,87,
2021-03-08T21:38:23.000Z,-21.171825,-47.84900833333333,546.8,4.1,278.07,2.5602283,8,gps,,,,,,,,87,
2021-03-08T21:38:24.000Z,-21.171820000000004,-47.849038333333326,546.8,4.2,274.26,2.5530221,7,gps,,,,,,,,87,
2021-03-08T21:38:25.000Z,-21.171808333333335,-47.84906833333333,546.5,4.2,278.03,2.6111858,7,gps,,,,,,,,87,
2021-03-08T21:38:26.000Z,-21.171794999999996,-47.84910166666667,546.4,4.3,278.36,2.727513,7,gps,,,,,,,,87,
2021-03-08T21:38:27.000Z,-21.17178,-47.84913166666667,546.3,4.3,285.56,2.7867062,7,gps,,,,,,,,87,
2021-03-08T21:38:28.000Z,-21.17178,-47.84915833333333,546.5,4.3,282.12,2.812957,7,gps,,,,,,,,87,
2021-03-08T21:38:29.000Z,-21.17176833333333,-47.84918166666667,546.6,4.3,286.48,2.8417814,7,gps,,,,,,,,87,
2021-03-08T21:38:30.000Z,-21.171758333333333,-47.84920666666667,546.7,4.3,287.77,2.803177,7,gps,,,,,,,,87,
2021-03-08T21:38:31.000Z,-21.171749999999996,-47.849230000000006,546.9,4.3,288.11,2.7676613,7,gps,,,,,,,,87,
2021-03-08T21:38:32.000Z,-21.171746666666664,-47.84925666666666,547.2,4.3,289.97,2.7506754,9,gps,,,,,,,,87,
2021-03-08T21:38:33.000Z,-21.171746666666664,-47.84928333333334,547.7,4.3,285.47,2.8016331,9,gps,,,,,,,,87,
2021-03-08T21:38:34.000Z,-21.171743333333332,-47.84931166666667,548.0,4.3,288.01,2.864944,9,gps,,,,,,,,87,
2021-03-08T21:38:35.000Z,-21.17174,-47.84934,548.4,4.3,287.41,2.8253102,10,gps,,,,,,,,87,
2021-03-08T21:38:36.000Z,-21.171733333333336,-47.84937333333334,548.6,4.3,285.11,2.7939122,10,gps,,,,,,,,87,
2021-03-08T21:38:37.000Z,-21.171721666666667,-47.849405,548.6,4.3,294.62,2.7872207,11,gps,,,,,,,,87,
2021-03-08T21:38:38.000Z,-21.17169833333333,-47.84943166666667,548.7,4.3,309.75,2.8788414,9,gps,,,,,,,,87,
2021-03-08T21:38:39.000Z,-21.17168333333333,-47.84946,548.7,4.3,307.66,2.9534762,9,gps,,,,,,,,87,
2021-03-08T21:38:40.000Z,-21.171665,-47.849488333333326,548.7,4.3,305.09,3.0492144,10,gps,,,,,,,,87,
2021-03-08T21:38:41.000Z,-21.171643333333336,-47.84950666666667,548.9,4.3,309.65,3.1181872,9,gps,,,,,,,,87,
2021-03-08T21:38:42.000Z,-21.171623333333333,-47.84952,549.4,4.3,314.37,3.1645122,10,gps,,,,,,,,87,
2021-03-08T21:38:43.000Z,-21.171603333333337,-47.84953666666667,549.7,4.2,311.88,3.1881895,10,gps,,,,,,,,87,
2021-03-08T21:38:44.000Z,-21.171586666666666,-47.849560000000004,549.8,4.2,304.56,3.2046607,10,gps,,,,,,,,87,
2021-03-08T21:38:45.000Z,-21.171575,-47.84959166666666,550.1,4.2,300.01,3.2901044,10,gps,,,,,,,,87,
2021-03-08T21:38:46.000Z,-21.171553333333335,-47.84961666666666,550.3,4.2,306.66,3.3235614,11,gps,,,,,,,,87,
2021-03-08T21:38:47.000Z,-21.171535000000002,-47.84964,550.6,4.1,310.58,3.3606215,11,gps,,,,,,,,87,
2021-03-08T21:38:48.000Z,-21.17151666666667,-47.84966666666666,550.8,4.1,309.1,3.3451798,11,gps,,,,,,,,87,
2021-03-08T21:38:49.000Z,-21.171501666666668,-47.849693333333335,551.0,4.1,308.67,3.3235614,11,gps,,,,,,,,87,
2021-03-08T21:38:50.000Z,-21.17148666666667,-47.84971333333333,551.2,4.1,315.05,3.2973106,11,gps,,,,,,,,87,
2021-03-08T21:38:51.000Z,-21.17147333333333,-47.849736666666665,551.2,4.1,312.84,3.2561328,11,gps,,,,,,,,87,
2021-03-08T21:38:52.000Z,-21.171460000000003,-47.84976166666667,551.3,4.1,305.35,3.2303967,11,gps,,,,,,,,87,
2021-03-08T21:38:53.000Z,-21.171445000000002,-47.84978666666666,551.4,4.1,303.66,3.2144403,11,gps,,,,,,,,87,
2021-03-08T21:38:54.000Z,-21.17143,-47.84981,551.9,4.1,306.87,3.189219,11,gps,,,,,,,,87,
2021-03-08T21:38:55.000Z,-21.171419999999998,-47.84983333333333,552.0,4.1,305.95,3.129511,11,gps,,,,,,,,87,
2021-03-08T21:38:56.000Z,-21.171415000000003,-47.84986000000001,552.4,4.1,296.14,3.0847304,11,gps,,,,,,,,87,
2021-03-08T21:38:57.000Z,-21.171406666666666,-47.84989,552.4,4.1,296.76,3.0538468,11,gps,,,,,,,,87,
2021-03-08T21:38:58.000Z,-21.171388333333333,-47.84991,552.5,4.0,307.99,3.0064926,11,gps,,,,,,,,87,
2021-03-08T21:38:59.000Z,-21.171374999999998,-47.84993333333333,552.5,4.1,308.05,2.937005,10,gps,,,,,,,,87,
2021-03-08T21:39:00.000Z,-21.171370000000003,-47.849959999999996,552.4,4.1,299.24,2.8757532,10,gps,,,,,,,,87,
2021-03-08T21:39:01.000Z,-21.171361666666666,-47.84998666666667,552.2,4.1,298.92,2.8659732,10,gps,,,,,,,,87,
2021-03-08T21:39:02.000Z,-21.17135,-47.85001166666666,552.2,4.1,299.25,2.8402371,10,gps,,,,,,,,87,
2021-03-08T21:39:03.000Z,-21.171341666666663,-47.85003666666667,552.3,4.2,295.83,2.7784705,10,gps,,,,,,,,87,
2021-03-08T21:39:04.000Z,-21.171335,-47.85006166666667,552.4,4.2,291.19,2.7033212,9,gps,,,,,,,,87,
2021-03-08T21:39:05.000Z,-21.171326666666666,-47.85008500000001,552.5,4.2,295.81,2.6621432,9,gps,,,,,,,,87,
2021-03-08T21:39:06.000Z,-21.171318333333335,-47.85010666666667,552.6,4.3,297.1,2.616333,9,gps,,,,,,,,87,
2021-03-08T21:39:07.000Z,-21.171303333333338,-47.850125,552.8,4.2,307.67,2.5782435,8,gps,,,,,,,,87,
2021-03-08T21:39:08.000Z,-21.17129,-47.85015,552.7,4.2,304.89,2.5447867,8,gps,,,,,,,,87,
2021-03-08T21:39:09.000Z,-21.171280000000003,-47.85017166666667,552.8,4.2,304.06,2.521624,9,gps,,,,,,,,87,
2021-03-08T21:39:10.000Z,-21.171269999999996,-47.850195,552.8,4.2,301.75,2.5241978,8,gps,,,,,,,,87,
2021-03-08T21:39:11.000Z,-21.171251666666663,-47.85021666666667,552.8,4.2,308.6,2.5103002,8,gps,,,,,,,,87,
2021-03-08T21:39:12.000Z,-21.17125,-47.85025,552.8,4.1,287.5,2.512874,9,gps,,,,,,,,87,
2021-03-08T21:39:13.000Z,-21.171241666666667,-47.85028333333333,552.8,4.1,285.85,2.5653756,9,gps,,,,,,,,87,
2021-03-08T21:39:14.000Z,-21.171223333333334,-47.85030333333334,553.0,4.1,297.72,2.5988326,8,gps,,,,,,,,87,
2021-03-08T21:39:15.000Z,-21.171208333333333,-47.850325000000005,553.1,4.1,300.54,2.6132448,9,gps,,,,,,,,87,
2021-03-08T21:39:16.000Z,-21.171196666666667,-47.85035,553.0,4.1,299.94,2.627657,10,gps,,,,,,,,87,
2021-03-08T21:39:17.000Z,-21.171184999999998,-47.85037666666667,553.2,4.0,299.38,2.6168478,10,gps,,,,,,,,87,
2021-03-08T21:39:18.000Z,-21.171175,-47.85040000000001,553.3,4.0,300.28,2.5911117,10,gps,,,,,,,,87,
2021-03-08T21:39:19.000Z,-21.171164999999995,-47.850426666666664,553.4,4.0,291.98,2.6086123,10,gps,,,,,,,,87,
2021-03-08T21:39:20.000Z,-21.171151666666667,-47.85044833333333,553.4,4.0,295.9,2.6080976,10,gps,,,,,,,,87,
2021-03-08T21:39:21.000Z,-21.171139999999998,-47.850469999999994,553.5,4.0,295.06,2.5952294,10,gps,,,,,,,,87,
2021-03-08T21:39:22.000Z,-21.17113,-47.85049166666666,553.5,4.0,286.5,2.5555959,10,gps,,,,,,,,87,
2021-03-08T21:39:23.000Z,-21.171121666666668,-47.850516666666664,553.5,3.9,284.02,2.4994912,10,gps,,,,,,,,87,
2021-03-08T21:39:24.000Z,-21.17111333333333,-47.85054333333333,553.6,3.9,283.23,2.4835348,10,gps,,,,,,,,87,
2021-03-08T21:39:25.000Z,-21.171106666666667,-47.85057,553.7,3.9,284.71,2.4881673,10,gps,,,,,,,,87,
2021-03-08T21:39:26.000Z,-21.171096666666667,-47.850595000000006,553.8,3.9,287.48,2.4789023,10,gps,,,,,,,,87,
2021-03-08T21:39:27.000Z,-21.171085,-47.85062166666667,553.8,3.9,291.94,2.509271,10,gps,,,,,,,,87,
2021-03-08T21:39:28.000Z,-21.171071666666663,-47.850648333333325,553.9,3.9,297.99,2.5653756,10,gps,,,,,,,,87,
2021-03-08T21:39:29.000Z,-21.171045000000003,-47.850665,553.9,3.9,316.04,2.5972884,10,gps,,,,,,,,87,
2021-03-08T21:39:30.000Z,-21.171025,-47.850685000000006,554.1,3.8,314.25,2.6322894,10,gps,,,,,,,,87,
2021-03-08T21:39:31.000Z,-21.171006666666667,-47.850705,554.2,3.8,315.34,2.666776,10,gps,,,,,,,,87,
2021-03-08T21:39:32.000Z,-21.17098,-47.85071833333333,554.0,3.8,315.96,2.7125862,10,gps,,,,,,,,87,
2021-03-08T21:39:33.000Z,-21.170958333333335,-47.850739999999995,553.9,3.9,314.64,2.7810442,10,gps,,,,,,,,87,
2021-03-08T21:39:34.000Z,-21.170945,-47.85076333333333,553.8,3.9,303.78,2.7990594,9,gps,,,,,,,,87,
2021-03-08T21:39:35.000Z,-21.170925000000004,-47.850783333333325,553.7,3.9,309.57,2.8175895,8,gps,,,,,,,,87,
2021-03-08T21:39:36.000Z,-21.170910000000003,-47.8508,553.7,3.9,310.41,2.820163,8,gps,,,,,,,,87,
2021-03-08T21:39:37.000Z,-21.17089,-47.850815,553.7,3.9,316.36,2.8155305,8,gps,,,,,,,,87,
2021-03-08T21:39:38.000Z,-21.170875000000002,-47.85083666666666,553.4,4.0,320.21,2.8232515,8,gps,,,,,,,,87,
2021-03-08T21:39:39.000Z,-21.170863333333333,-47.85086,553.4,4.0,313.85,2.825825,8,gps,,,,,,,,87,
2021-03-08T21:39:40.000Z,-21.170846666666662,-47.850878333333334,553.5,4.0,315.44,2.8304574,9,gps,,,,,,,,87,
2021-03-08T21:39:41.000Z,-21.170826666666667,-47.850896666666664,553.5,4.1,317.77,2.8422961,9,gps,,,,,,,,87,
2021-03-08T21:39:42.000Z,-21.17081333333333,-47.850919999999995,553.6,4.1,313.94,2.839208,9,gps,,,,,,,,87,
2021-03-08T21:39:43.000Z,-21.170795,-47.85093666666667,553.5,4.1,318.51,2.783103,9,gps,,,,,,,,87,
2021-03-08T21:39:44.000Z,-21.170775000000003,-47.85095333333334,553.5,4.1,318.43,2.7820735,9,gps,,,,,,,,87,
2021-03-08T21:39:45.000Z,-21.170756666666662,-47.850970000000004,553.4,4.1,316.1,2.76097,9,gps,,,,,,,,87,
2021-03-08T21:39:46.000Z,-21.170745000000004,-47.850995,553.4,4.1,303.27,2.7975154,10,gps,,,,,,,,87,
2021-03-08T21:39:47.000Z,-21.170728333333333,-47.85102333333332,553.3,4.1,304.15,2.860826,9,gps,,,,,,,,87,
2021-03-08T21:39:48.000Z,-21.170711666666662,-47.85104666666666,553.4,4.2,303.0,2.9040627,9,gps,,,,,,,,87,
2021-03-08T21:39:49.000Z,-21.170695000000002,-47.85107,553.5,4.2,302.5,2.9431818,8,gps,,,,,,,,87,
2021-03-08T21:39:50.000Z,-21.17067833333333,-47.851095,553.5,4.2,300.71,2.9843595,8,gps,,,,,,,,87,
2021-03-08T21:39:51.000Z,-21.170666666666662,-47.85112000000001,553.5,4.3,297.06,3.003919,9,gps,,,,,,,,87,
2021-03-08T21:39:52.000Z,-21.170651666666664,-47.85114,553.4,4.3,305.11,3.00186,9,gps,,,,,,,,87,
2021-03-08T21:39:53.000Z,-21.170635,-47.851156666666675,553.3,4.4,311.0,3.0054631,9,gps,,,,,,,,87,
2021-03-08T21:39:54.000Z,-21.170626666666667,-47.85118000000001,553.3,4.4,301.16,2.992595,9,gps,,,,,,,,87,
2021-03-08T21:39:55.000Z,-21.170613333333336,-47.8512,553.3,4.4,305.23,2.9931097,8,gps,,,,,,,,87,
2021-03-08T21:39:56.000Z,-21.170608333333334,-47.85123,553.3,4.3,299.76,2.9859035,9,gps,,,,,,,,87,
2021-03-08T21:39:57.000Z,-21.170599999999997,-47.85125166666667,553.3,4.3,303.42,2.914872,10,gps,,,,,,,,87,
2021-03-08T21:39:58.000Z,-21.170583333333337,-47.85127333333333,553.1,4.2,308.75,2.8422961,9,gps,,,,,,,,87,
2021-03-08T21:39:59.000Z,-21.170566666666666,-47.85129666666667,552.9,4.2,313.92,2.7671466,9,gps,,,,,,,,87,
2021-03-08T21:40:00.000Z,-21.170554999999997,-47.85132,552.7,4.2,309.37,2.6950855,10,gps,,,,,,,,87,
2021-03-08T21:40:01.000Z,-21.17054333333333,-47.85134500000001,552.7,4.2,312.94,2.6317747,9,gps,,,,,,,,87,
2021-03-08T21:40:02.000Z,-21.17052833333333,-47.851369999999996,552.7,4.1,315.62,2.5988326,8,gps,,,,,,,,87,
2021-03-08T21:40:03.000Z,-21.17051333333333,-47.85138833333334,552.7,4.1,320.63,2.570008,8,gps,,,,,,,,87,
2021-03-08T21:40:04.000Z,-21.170495,-47.8514,552.8,4.1,323.98,2.5154476,8,gps,,,,,,,,87,
2021-03-08T21:40:05.000Z,-21.170473333333334,-47.85140833333333,552.7,4.1,334.04,2.4567692,8,gps,,,,,,,,87,
2021-03-08T21:40:06.000Z,-21.170458333333332,-47.851420000000005,552.7,4.1,322.73,2.3553689,9,gps,,,,,,,,87,
2021-03-08T21:40:07.000Z,-21.170431666666666,-47.851428333333324,552.7,4.1,330.98,2.2992642,9,gps,,,,,,,,87,
2021-03-08T21:40:08.000Z,-21.17041,-47.851436666666665,552.6,4.1,330.56,2.2488215,8,gps,,,,,,,,87,
2021-03-08T21:40:09.000Z,-21.170389999999998,-47.85144833333334,552.7,4.2,330.33,2.2338943,8,gps,,,,,,,,87,
2021-03-08T21:40:10.000Z,-21.170373333333334,-47.851471666666676,552.7,4.1,319.99,2.2313209,8,gps,,,,,,,,87,
2021-03-08T21:40:11.000Z,-21.170356666666667,-47.85147833333334,552.8,4.1,335.81,2.1813927,8,gps,,,,,,,,87,
2021-03-08T21:40:12.000Z,-21.170340000000003,-47.851483333333334,553.0,4.1,337.48,2.1335237,9,gps,,,,,,,,87,
2021-03-08T21:40:13.000Z,-21.17032166666667,-47.851481666666665,553.0,4.1,344.5,2.073301,9,gps,,,,,,,,87,
2021-03-08T21:40:14.000Z,-21.17030333333333,-47.85148000000001,553.0,4.2,349.46,2.0424178,9,gps,,,,,,,,87,
2021-03-08T21:40:15.000Z,-21.17028833333333,-47.851483333333334,553.0,4.2,343.09,2.0079315,9,gps,,,,,,,,87,
2021-03-08T21:40:16.000Z,-21.17027333333333,-47.851485000000004,553.0,4.2,344.74,1.9914603,8,gps,,,,,,,,87,
2021-03-08T21:40:17.000Z,-21.17026333333333,-47.85149666666666,553.1,4.3,328.95,1.9518267,8,gps,,,,,,,,87,
2021-03-08T21:40:18.000Z,-21.170251666666665,-47.85150166666667,553.1,4.3,343.58,1.8638091,8,gps,,,,,,,,87,
2021-03-08T21:40:19.000Z,-21.170241666666666,-47.851508333333335,553.0,4.4,343.8,1.773218,8,gps,,,,,,,,87,
2021-03-08T21:40:20.000Z,-21.170225,-47.85154000000001,559.1,3.8,336.81,1.6918919,8,gps,,,,,,,,87,
2021-03-08T21:40:21.000Z,-21.170209999999997,-47.85154666666667,558.9,3.8,340.58,1.6486553,10,gps,,,,,,,,87,
2021-03-08T21:40:22.000Z,-21.170196666666666,-47.851551666666666,558.7,3.8,342.15,1.5812267,10,gps,,,,,,,,87,
2021-03-08T21:40:23.000Z,-21.170193333333334,-47.851571666666665,558.6,3.9,300.96,1.5884328,8,gps,,,,,,,,87,
2021-03-08T21:40:24.000Z,-21.170193333333334,-47.85158833333333,558.4,3.9,286.43,1.584315,8,gps,,,,,,,,87,
2021-03-08T21:40:25.000Z,-21.170175000000004,-47.851598333333335,558.2,3.9,317.71,1.5673292,8,gps,,,,,,,,87,
2021-03-08T21:40:26.000Z,-21.170148333333334,-47.85160166666666,558.1,4.0,353.12,1.5915211,8,gps,,,,,,,,87,
2021-03-08T21:40:27.000Z,-21.170130000000004,-47.85161,558.1,4.0,352.38,1.5982125,7,gps,,,,,,,,87,
2021-03-08T21:40:28.000Z,-21.170116666666665,-47.851608333333324,557.9,4.0,18.16,1.63064,7,gps,,,,,,,,87,
2021-03-08T21:40:29.000Z,-21.170104999999996,-47.85162333333333,557.7,4.1,328.79,1.6265222,7,gps,,,,,,,,87,
2021-03-08T21:40:30.000Z,-21.170088333333336,-47.85162666666667,557.6,4.1,346.47,1.6249781,7,gps,,,,,,,,87,
2021-03-08T21:40:31.000Z,-21.170068333333333,-47.851625,557.5,4.2,350.81,1.6373314,7,gps,,,,,,,,87,
2021-03-08T21:40:32.000Z,-21.170033333333336,-47.851625,557.4,4.2,1.47,1.7593205,7,gps,,,,,,,,87,
2021-03-08T21:40:33.000Z,-21.17001833333334,-47.851621666666674,557.2,4.3,21.81,1.7495408,8,gps,,,,,,,,87,
2021-03-08T21:40:34.000Z,-21.169995000000004,-47.85161166666667,557.0,4.3,35.96,1.7824831,8,gps,,,,,,,,87,
2021-03-08T21:40:35.000Z,-21.16997666666667,-47.85160333333333,556.8,4.4,26.52,1.8061603,8,gps,,,,,,,,87,
2021-03-08T21:40:36.000Z,-21.169954999999998,-47.851594999999996,556.6,4.4,26.53,1.79741,6,gps,,,,,,,,87,
2021-03-08T21:40:37.000Z,-21.169941666666666,-47.85159,556.3,4.5,56.03,1.754688,7,gps,,,,,,,,87,
2021-03-08T21:40:38.000Z,-21.169913333333337,-47.85159166666667,556.1,4.6,3.07,1.766012,7,gps,,,,,,,,87,
2021-03-08T21:40:39.000Z,-21.169885,-47.85159,555.9,4.6,359.71,1.8236609,7,gps,,,,,,,,87,
2021-03-08T21:40:40.000Z,-21.169843333333333,-47.85159,555.7,4.7,2.85,1.9219728,7,gps,,,,,,,,87,
2021-03-08T21:40:41.000Z,-21.169815000000003,-47.85159,555.5,4.7,354.27,2.0110197,7,gps,,,,,,,,87,
2021-03-08T21:40:42.000Z,-21.16978333333333,-47.85158833333333,555.4,4.8,4.12,2.0053577,7,gps,,,,,,,,87,
2021-03-08T21:40:43.000Z,-21.169753333333333,-47.85159,555.3,4.8,5.08,2.101611,9,gps,,,,,,,,87,
2021-03-08T21:40:44.000Z,-21.16973666666667,-47.85159999999999,555.1,4.9,359.93,2.1268322,9,gps,,,,,,,,87,
2021-03-08T21:40:45.000Z,-21.16972333333333,-47.851614999999995,555.0,4.9,359.93,0.0,8,gps,,,,,,,,87,
2021-03-08T21:40:46.000Z,-21.169713333333334,-47.851625,554.9,4.9,359.93,0.0,9,gps,,,,,,,,87,
2021-03-08T21:40:47.000Z,-21.16970666666667,-47.85164499999999,554.5,4.9,359.93,0.0,8,gps,,,,,,,,87,
2021-03-08T21:40:48.000Z,-21.16969333333333,-47.85164833333333,554.2,4.9,359.93,0.0,8,gps,,,,,,,,87,
2021-03-08T21:40:49.000Z,-21.169671666666666,-47.85162999999999,554.0,4.9,359.93,0.0,8,gps,,,,,,,,87,
2021-03-08T21:40:50.000Z,-21.169665000000002,-47.851614999999995,553.7,4.9,359.93,0.0,8,gps,,,,,,,,87,
2021-03-08T21:40:51.000Z,-21.169653333333333,-47.851618333333334,553.5,4.9,359.93,0.0,9,gps,,,,,,,,87,
2021-03-08T21:40:52.000Z,-21.169636666666666,-47.85162333333333,553.4,4.8,359.93,0.0,9,gps,,,,,,,,87,
2021-03-08T21:40:53.000Z,-21.169623333333334,-47.85163166666666,553.3,4.7,347.03,1.7485114,9,gps,,,,,,,,87,
2021-03-08T21:40:54.000Z,-21.1696,-47.851641666666666,553.1,4.6,347.03,0.0,9,gps,,,,,,,,87,
2021-03-08T21:40:55.000Z,-21.169584999999998,-47.851661666666665,553.0,4.6,346.65,1.6831417,9,gps,,,,,,,,87,
2021-03-08T21:40:56.000Z,-21.16955666666667,-47.851684999999996,552.9,4.5,351.22,1.6800534,9,gps,,,,,,,,87,
2021-03-08T21:40:57.000Z,-21.169536666666666,-47.851698333333324,552.8,4.5,336.13,1.7114514,9,gps,,,,,,,,87,
2021-03-08T21:40:58.000Z,-21.169521666666665,-47.851715,552.7,4.5,333.58,1.7443936,8,gps,,,,,,,,87,
2021-03-08T21:40:59.000Z,-21.169503333333335,-47.85171999999999,552.6,4.5,1.93,1.7572616,7,gps,,,,,,,,87,
2021-03-08T21:41:00.000Z,-21.169486666666664,-47.851729999999996,552.6,4.5,346.32,1.8468233,7,gps,,,,,,,,87,
2021-03-08T21:41:01.000Z,-21.16946666666667,-47.851733333333335,552.5,4.5,348.94,1.9121931,9,gps,,,,,,,,87,
2021-03-08T21:41:02.000Z,-21.169445000000003,-47.85174666666667,552.3,4.5,343.13,1.988372,9,gps,,,,,,,,87,
2021-03-08T21:41:03.000Z,-21.169401666666666,-47.851755000000004,552.4,4.4,343.04,2.041903,8,gps,,,,,,,,87,
2021-03-08T21:41:04.000Z,-21.169361666666667,-47.85176833333333,552.4,4.4,337.55,2.0691833,8,gps,,,,,,,,87,
2021-03-08T21:41:05.000Z,-21.169328333333336,-47.851778333333336,552.5,4.3,333.25,2.1062434,9,gps,,,,,,,,87,
2021-03-08T21:41:06.000Z,-21.16933333333333,-47.851794999999996,553.9,3.7,331.03,2.1654365,8,gps,,,,,,,,87,
2021-03-08T21:41:07.000Z,-21.169314999999997,-47.85180999999999,553.9,3.7,326.57,2.2153645,8,gps,,,,,,,,87,
2021-03-08T21:41:08.000Z,-21.169296666666664,-47.85183666666667,556.8,3.4,337.22,2.2565422,8,gps,,,,,,,,87,
2021-03-08T21:41:09.000Z,-21.169253333333337,-47.85186,557.5,3.2,336.58,2.3152206,9,gps,,,,,,,,87,
2021-03-08T21:41:10.000Z,-21.169231666666665,-47.85186333333333,557.2,3.1,341.3,2.3877964,9,gps,,,,,,,,87,
2021-03-08T21:41:11.000Z,-21.169188333333334,-47.851876666666676,556.8,3.0,344.51,2.4433863,9,gps,,,,,,,,87,
2021-03-08T21:41:12.000Z,-21.16916833333333,-47.851884999999996,556.7,3.1,338.72,2.4413276,9,gps,,,,,,,,87,
2021-03-08T21:41:13.000Z,-21.169146666666666,-47.851886666666665,556.7,3.2,346.59,2.4624312,9,gps,,,,,,,,87,
2021-03-08T21:41:14.000Z,-21.16911,-47.85190333333333,557.5,3.1,343.87,2.4356656,10,gps,,,,,,,,87,
2021-03-08T21:41:15.000Z,-21.169081666666663,-47.851925,558.7,3.0,341.97,2.4711814,10,gps,,,,,,,,87,
2021-03-08T21:41:16.000Z,-21.169055000000004,-47.851931666666665,558.5,2.9,346.45,2.4686077,10,gps,,,,,,,,87,
2021-03-08T21:41:17.000Z,-21.169035,-47.851935000000005,558.4,2.8,349.55,2.455225,10,gps,,,,,,,,87,
2021-03-08T21:41:18.000Z,-21.169011666666666,-47.851935000000005,557.8,2.8,350.56,2.4706666,10,gps,,,,,,,,87,
2021-03-08T21:41:19.000Z,-21.16899,-47.851935000000005,557.5,2.8,350.02,2.4711814,10,gps,,,,,,,,87,
2021-03-08T21:41:20.000Z,-21.168966666666666,-47.851936666666674,557.7,2.8,349.46,2.4686077,10,gps,,,,,,,,87,
2021-03-08T21:41:21.000Z,-21.168950000000002,-47.85194166666667,557.6,2.9,343.87,2.4135325,11,gps,,,,,,,,87,
2021-03-08T21:41:22.000Z,-21.16892833333333,-47.85194499999999,557.6,2.9,343.99,2.414562,11,gps,,,,,,,,87,
2021-03-08T21:41:23.000Z,-21.168909999999997,-47.85194666666666,557.6,3.0,350.7,2.3600013,13,gps,,,,,,,,87,
2021-03-08T21:41:24.000Z,-21.16889,-47.85195,557.5,3.1,349.25,2.373899,12,gps,,,,,,,,87,
2021-03-08T21:41:25.000Z,-21.16887166666667,-47.851956666666666,557.5,3.1,346.41,2.3136764,12,gps,,,,,,,,87,
2021-03-08T21:41:26.000Z,-21.168855,-47.85196333333333,557.5,3.2,339.25,2.2277179,12,gps,,,,,,,,87,
2021-03-08T21:41:27.000Z,-21.16884,-47.85197,557.4,3.2,343.76,2.1685247,12,gps,,,,,,,,87,
2021-03-08T21:41:28.000Z,-21.168821666666666,-47.851974999999996,557.4,3.3,342.37,2.11242,13,gps,,,,,,,,87,
2021-03-08T21:41:29.000Z,-21.16880666666667,-47.851985,557.4,3.3,333.49,2.0367558,13,gps,,,,,,,,87,
2021-03-08T21:41:30.000Z,-21.168789999999998,-47.851989999999994,557.3,3.3,333.39,1.9302083,12,gps,,,,,,,,87,
2021-03-08T21:41:31.000Z,-21.168776666666666,-47.851995,557.3,3.4,340.13,1.8427056,12,gps,,,,,,,,87,
2021-03-08T21:41:32.000Z,-21.168758333333336,-47.852001666666666,557.2,3.4,338.22,1.7783653,12,gps,,,,,,,,87,
2021-03-08T21:41:33.000Z,-21.168743333333335,-47.85201,557.2,3.5,335.62,1.7258636,11,gps,,,,,,,,87,
2021-03-08T21:41:34.000Z,-21.168729999999996,-47.85201666666667,557.1,3.5,337.66,1.6275517,11,gps,,,,,,,,87,
2021-03-08T21:41:35.000Z,-21.168715,-47.852021666666666,557.0,3.5,332.07,1.5673292,11,gps,,,,,,,,87,
2021-03-08T21:41:36.000Z,-21.168699999999998,-47.85202833333333,557.0,3.5,323.13,1.5029889,11,gps,,,,,,,,87,
2021-03-08T21:41:37.000Z,-21.168686666666666,-47.85204,556.9,3.5,320.68,1.4468842,11,gps,,,,,,,,87,
2021-03-08T21:41:38.000Z,-21.168675,-47.852046666666666,556.9,3.6,325.11,1.3681316,11,gps,,,,,,,,87,
2021-03-08T21:41:39.000Z,-21.16866166666667,-47.852058333333325,556.9,3.6,313.95,1.3238655,11,gps,,,,,,,,87,
2021-03-08T21:41:40.000Z,-21.16864333333333,-47.852071666666674,556.8,3.6,319.62,1.3125417,11,gps,,,,,,,,87,
2021-03-08T21:41:41.000Z,-21.16862,-47.85209166666667,556.7,3.6,319.21,1.3588667,11,gps,,,,,,,,87,
2021-03-08T21:41:42.000Z,-21.16859833333333,-47.852109999999996,556.7,3.5,320.41,1.3737936,11,gps,,,,,,,,87,
2021-03-08T21:41:43.000Z,-21.16858333333333,-47.85212,556.6,3.5,323.09,1.4005592,11,gps,,,,,,,,87,
2021-03-08T21:41:44.000Z,-21.168566666666667,-47.85214166666666,556.5,3.5,310.22,1.4345309,11,gps,,,,,,,,87,
2021-03-08T21:41:45.000Z,-21.168555,-47.85215166666667,556.4,3.5,309.02,1.4499725,11,gps,,,,,,,,87,
2021-03-08T21:41:46.000Z,-21.168545,-47.852161666666674,556.4,3.5,308.18,1.4926945,11,gps,,,,,,,,87,
2021-03-08T21:41:47.000Z,-21.168531666666663,-47.852175,556.3,3.5,313.2,1.5462255,11,gps,,,,,,,,87,
2021-03-08T21:41:48.000Z,-21.168515000000003,-47.852195,556.2,3.5,330.96,1.6188014,11,gps,,,,,,,,87,
2021-03-08T21:41:49.000Z,-21.168501666666664,-47.85220833333333,556.1,3.5,327.07,1.6656411,11,gps,,,,,,,,87,
2021-03-08T21:41:50.000Z,-21.168488333333336,-47.85222,556.0,3.6,333.19,1.6723325,12,gps,,,,,,,,87,
2021-03-08T21:41:51.000Z,-21.168474999999997,-47.85223166666666,555.9,3.6,333.51,1.6450522,12,gps,,,,,,,,87,
2021-03-08T21:41:52.000Z,-21.16846333333334,-47.852246666666666,555.8,3.6,318.7,1.5930653,12,gps,,,,,,,,87,
2021-03-08T21:41:53.000Z,-21.168448333333338,-47.85225833333334,555.7,3.6,328.02,1.5549759,12,gps,,,,,,,,87,
2021-03-08T21:41:54.000Z,-21.168431666666667,-47.852273333333336,555.6,3.6,329.71,1.5503433,12,gps,,,,,,,,87,
2021-03-08T21:41:55.000Z,-21.16841,-47.852291666666666,555.6,3.6,332.34,1.5940948,12,gps,,,,,,,,87,
2021-03-08T21:41:56.000Z,-21.16839166666667,-47.85231166666667,555.5,3.7,318.93,1.6172572,12,gps,,,,,,,,87,
2021-03-08T21:41:57.000Z,-21.168375,-47.852328333333325,555.5,3.7,319.89,1.6260076,12,gps,,,,,,,,87,
2021-03-08T21:41:58.000Z,-21.16836166666667,-47.852345,555.4,3.7,321.85,1.6033597,12,gps,,,,,,,,87,
2021-03-08T21:41:59.000Z,-21.168356666666668,-47.85236833333333,555.4,3.7,296.28,1.5951241,11,gps,,,,,,,,87,
2021-03-08T21:42:00.000Z,-21.168353333333336,-47.85239166666667,555.3,3.8,282.15,1.6208602,11,gps,,,,,,,,87,
2021-03-08T21:42:01.000Z,-21.168346666666668,-47.85240999999999,555.2,3.8,289.49,1.6347578,11,gps,,,,,,,,87,
2021-03-08T21:42:02.000Z,-21.168338333333335,-47.852431666666675,555.1,3.8,298.14,1.6908625,11,gps,,,,,,,,87,
2021-03-08T21:42:03.000Z,-21.168326666666665,-47.85245,555.1,3.8,311.24,1.747482,11,gps,,,,,,,,87,
2021-03-08T21:42:04.000Z,-21.16832,-47.852471666666666,555.0,3.8,312.08,1.7685856,11,gps,,,,,,,,87,
2021-03-08T21:42:05.000Z,-21.16831666666667,-47.85249,555.0,3.8,305.76,1.7227752,11,gps,,,,,,,,87,
2021-03-08T21:42:06.000Z,-21.168306666666663,-47.85250666666668,555.0,3.8,311.69,1.70476,12,gps,,,,,,,,87,
2021-03-08T21:42:07.000Z,-21.168291666666665,-47.85252666666667,554.9,3.8,311.61,1.7536587,12,gps,,,,,,,,87,
2021-03-08T21:42:08.000Z,-21.168279999999996,-47.85255,554.8,3.8,306.14,1.8107928,13,gps,,,,,,,,87,
2021-03-08T21:42:09.000Z,-21.16827,-47.852574999999995,554.8,3.8,296.14,1.8663827,13,gps,,,,,,,,87,
2021-03-08T21:42:10.000Z,-21.168261666666663,-47.852598333333326,554.7,3.8,295.55,1.8972661,13,gps,,,,,,,,87,
2021-03-08T21:42:11.000Z,-21.168249999999997,-47.852619999999995,554.6,3.7,302.72,1.9425616,12,gps,,,,,,,,87,
2021-03-08T21:42:12.000Z,-21.168236666666665,-47.85263666666666,554.6,3.7,303.2,1.9616064,11,gps,,,,,,,,87,
2021-03-08T21:42:13.000Z,-21.16822666666667,-47.85266,554.5,3.7,294.28,1.9610916,11,gps,,,,,,,,87,
2021-03-08T21:42:14.000Z,-21.168215,-47.85267999999999,554.4,3.7,299.1,1.9857984,11,gps,,,,,,,,87,
2021-03-08T21:42:15.000Z,-21.168206666666666,-47.852698333333336,554.3,3.7,294.03,2.029035,11,gps,,,,,,,,87,
2021-03-08T21:42:16.000Z,-21.168200000000002,-47.85272166666667,554.2,3.7,286.71,2.0681539,12,gps,,,,,,,,87,
2021-03-08T21:42:17.000Z,-21.16819333333334,-47.852743333333336,554.1,3.7,281.87,2.0537417,11,gps,,,,,,,,87,
2021-03-08T21:42:18.000Z,-21.16818333333333,-47.85276999999999,554.0,3.7,282.05,2.0913165,11,gps,,,,,,,,87,
2021-03-08T21:42:19.000Z,-21.168171666666662,-47.85279833333334,554.0,3.7,283.72,2.144333,11,gps,,,,,,,,87,
2021-03-08T21:42:20.000Z,-21.168165,-47.85282666666667,554.0,3.7,280.75,2.234409,11,gps,,,,,,,,87,
2021-03-08T21:42:21.000Z,-21.168144999999996,-47.852844999999995,553.9,3.8,307.06,2.2972052,11,gps,,,,,,,,87,
2021-03-08T21:42:22.000Z,-21.16812333333333,-47.85286333333333,553.9,3.8,312.52,2.364119,12,gps,,,,,,,,87,
2021-03-08T21:42:23.000Z,-21.168103333333338,-47.85287166666667,553.9,3.7,322.59,2.3713253,12,gps,,,,,,,,87,
2021-03-08T21:42:24.000Z,-21.168088333333337,-47.85288666666667,553.8,3.7,322.79,2.3563983,12,gps,,,,,,,,87,
2021-03-08T21:42:25.000Z,-21.168074999999998,-47.85289666666666,553.7,3.7,329.66,2.3244855,12,gps,,,,,,,,87,
2021-03-08T21:42:26.000Z,-21.168063333333333,-47.85291,553.6,3.6,330.95,2.2668366,13,gps,,,,,,,,87,
2021-03-08T21:42:27.000Z,-21.168054999999995,-47.85292,553.6,3.6,316.88,2.2009523,13,gps,,,,,,,,87,
2021-03-08T21:42:28.000Z,-21.16804666666667,-47.85293166666667,553.5,3.6,312.36,2.0527122,13,gps,,,,,,,,87,
2021-03-08T21:42:29.000Z,-21.168043333333337,-47.85294999999999,553.4,3.6,294.77,1.9188844,13,gps,,,,,,,,87,
2021-03-08T21:42:30.000Z,-21.168035,-47.85296833333334,553.3,3.5,300.32,1.7886597,13,gps,,,,,,,,87,
2021-03-08T21:42:31.000Z,-21.168024999999997,-47.852985000000004,553.2,3.5,302.86,1.701157,13,gps,,,,,,,,87,
2021-03-08T21:42:32.000Z,-21.168013333333338,-47.85299833333333,553.2,3.5,304.48,1.6270369,13,gps,,,,,,,,87,
2021-03-08T21:42:33.000Z,-21.16800333333333,-47.85301833333333,553.0,3.4,298.35,1.6290958,13,gps,,,,,,,,87,
2021-03-08T21:42:34.000Z,-21.167991666666662,-47.853035,552.9,3.4,313.06,1.6378461,13,gps,,,,,,,,87,
2021-03-08T21:42:35.000Z,-21.167975000000002,-47.85305166666667,552.7,3.4,312.62,1.6630675,13,gps,,,,,,,,87,
2021-03-08T21:42:36.000Z,-21.167963333333333,-47.85306833333334,552.5,3.4,309.87,1.6857153,12,gps,,,,,,,,87,
2021-03-08T21:42:37.000Z,-21.167951666666667,-47.85308166666667,552.3,3.4,315.73,1.6857153,12,gps,,,,,,,,87,
2021-03-08T21:42:38.000Z,-21.16794333333333,-47.85309833333334,552.2,3.4,302.36,1.7624089,13,gps,,,,,,,,87,
2021-03-08T21:42:39.000Z,-21.167930000000002,-47.85311333333334,552.1,3.4,305.58,1.8509411,13,gps,,,,,,,,87,
2021-03-08T21:42:40.000Z,-21.167916666666663,-47.85312833333334,551.9,3.4,312.93,1.8802803,13,gps,,,,,,,,87,
2021-03-08T21:42:41.000Z,-21.167906666666667,-47.85313833333333,551.9,3.5,316.16,1.853,12,gps,,,,,,,,87,
2021-03-08T21:42:42.000Z,-21.167894999999998,-47.85315666666667,551.7,3.5,303.57,1.8705006,12,gps,,,,,,,,87,
2021-03-08T21:42:43.000Z,-21.167886666666664,-47.85317333333334,551.6,3.5,301.13,1.8524853,12,gps,,,,,,,,87,
2021-03-08T21:42:44.000Z,-21.167876666666665,-47.85319,551.4,3.5,301.41,1.8360142,12,gps,,,,,,,,87,
2021-03-08T21:42:45.000Z,-21.167861666666667,-47.853210000000004,551.3,3.6,304.97,1.8519706,12,gps,,,,,,,,87,
2021-03-08T21:42:46.000Z,-21.167849999999998,-47.85322833333333,551.2,3.6,300.33,1.8674122,12,gps,,,,,,,,87,
2021-03-08T21:42:47.000Z,-21.167838333333332,-47.853245,551.1,3.6,300.51,1.9209434,12,gps,,,,,,,,87,
2021-03-08T21:42:48.000Z,-21.16782333333333,-47.85326499999999,551.0,3.6,296.36,1.9544003,12,gps,,,,,,,,87,
2021-03-08T21:42:49.000Z,-21.167806666666667,-47.85328833333333,551.0,3.6,300.34,1.9523414,12,gps,,,,,,,,87,
2021-03-08T21:42:50.000Z,-21.167788333333338,-47.853315,551.0,3.6,295.2,2.004843,12,gps,,,,,,,,87,
2021-03-08T21:42:51.000Z,-21.16777666666667,-47.853335,551.1,3.6,290.18,2.0558004,12,gps,,,,,,,,87,
2021-03-08T21:42:52.000Z,-21.167768333333335,-47.85335166666667,551.1,3.6,292.96,2.053227,12,gps,,,,,,,,87,
2021-03-08T21:42:53.000Z,-21.167756666666666,-47.853365000000004,551.1,3.6,305.85,2.0506532,13,gps,,,,,,,,87,
2021-03-08T21:42:54.000Z,-21.167740000000002,-47.85337500000001,551.1,3.6,321.9,2.0542564,13,gps,,,,,,,,87,
2021-03-08T21:42:55.000Z,-21.167726666666667,-47.85339166666666,551.1,3.6,309.61,1.9960928,12,gps,,,,,,,,87,
2021-03-08T21:42:56.000Z,-21.167714999999998,-47.853405,551.1,3.6,310.81,1.9441059,12,gps,,,,,,,,87,
2021-03-08T21:42:57.000Z,-21.167705,-47.85341333333334,551.3,3.6,310.81,0.0,12,gps,,,,,,,,87,
2021-03-08T21:42:58.000Z,-21.167693333333332,-47.85342000000001,551.4,3.5,10.3,1.6852006,12,gps,,,,,,,,87,
2021-03-08T21:42:59.000Z,-21.167685,-47.85342333333333,551.4,3.6,15.73,1.5040183,12,gps,,,,,,,,87,
2021-03-08T21:43:00.000Z,-21.167683333333336,-47.85342666666667,551.4,3.5,43.27,1.2971,12,gps,,,,,,,,87,
2021-03-08T21:43:01.000Z,-21.16767333333333,-47.853429999999996,551.4,3.5,356.68,1.1375362,13,gps,,,,,,,,87,
2021-03-08T21:43:02.000Z,-21.167663333333333,-47.853431666666665,551.6,3.5,45.74,0.99495804,14,gps,,,,,,,,87,
2021-03-08T21:43:03.000Z,-21.167653333333337,-47.853429999999996,551.6,3.5,60.06,0.8611303,14,gps,,,,,,,,87,
2021-03-08T21:43:04.000Z,-21.167648333333332,-47.85342666666667,551.8,3.5,49.47,0.7190669,13,gps,,,,,,,,87,
2021-03-08T21:43:05.000Z,-21.16764333333333,-47.85342833333334,551.8,3.4,49.47,0.0,13,gps,,,,,,,,87,
2021-03-08T21:43:06.000Z,-21.167638333333336,-47.853425,552.0,3.4,49.47,0.0,13,gps,,,,,,,,87,
2021-03-08T21:43:07.000Z,-21.167633333333335,-47.85342333333333,552.1,3.4,49.47,0.0,13,gps,,,,,,,,87,
2021-03-08T21:43:08.000Z,-21.16762833333333,-47.85342166666666,552.2,3.3,50.94,0.0,12,gps,,,,,,,,87,
2021-03-08T21:43:09.000Z,-21.167621666666665,-47.853425,552.6,3.2,129.38,0.0,12,gps,,,,,,,,87,
2021-03-08T21:43:10.000Z,-21.16761166666667,-47.85342833333334,553.0,3.2,129.38,0.0,12,gps,,,,,,,,87,
2021-03-08T21:43:11.000Z,-21.16761166666667,-47.85342833333334,553.0,3.2,129.38,0.0,13,gps,,,,,,,,87,
2021-03-08T21:43:12.000Z,-21.167601666666663,-47.853429999999996,554.0,3.2,131.84,0.34434918,13,gps,,,,,,,,87,
2021-03-08T21:43:13.000Z,-21.167603333333332,-47.853429999999996,555.6,2.8,49.32,0.0,14,gps,,,,,,,,87,
2021-03-08T21:43:14.000Z,-21.167596666666668,-47.853433333333335,557.6,2.6,347.21,0.0,14,gps,,,,,,,,87,
